ENTIDAD,MUN,GRAPROES,GRAPROES_F,GRAPROES_M
3,1,9.27,9.37,9.17
3,2,9.13,9.18,9.08
3,3,11.07,11.08,11.05
3,8,10.17,10.24,10.11
3,9,9.99,10.14,9.84
2,1,10.34,10.38,10.3
2,2,10.53,10.53,10.53
2,3,9.79,9.91,9.68
2,4,10.18,10.12,10.25
2,5,9.58,9.59,9.56
2,6,7.83,7.84,7.82
10,1,9.23,9.23,9.24
10,2,6.44,6.73,6.17
10,3,7.81,8.17,7.46
10,4,8.63,8.79,8.46
10,5,10.74,10.82,10.66
10,6,7.11,7.4,6.82
10,7,10.11,10.06,10.16
10,8,9,9.11,8.88
10,9,6.94,7.12,6.79
10,10,8.42,8.62,8.21
10,11,7.5,7.87,7.13
10,12,9.97,9.98,9.95
10,13,8.04,8.19,7.89
10,14,6.3,5.99,6.65
10,15,8.36,8.5,8.22
10,16,8.54,8.69,8.38
10,17,8.63,8.93,8.34
10,18,8.77,9.06,8.48
10,19,7.2,7.47,6.96
10,20,8.67,8.94,8.4
10,21,8.53,8.8,8.27
10,22,8.7,8.93,8.45
10,23,8.67,8.74,8.59
10,24,8.7,8.82,8.58
10,25,7.38,7.67,7.14
10,26,7.8,8.01,7.6
10,27,7.2,7.5,6.9
10,28,8.27,8.4,8.14
10,29,7.63,7.94,7.34
10,30,7.38,7.6,7.18
10,31,8.08,8.49,7.66
10,32,8.72,8.83,8.61
10,33,8.29,8.49,8.07
10,34,7.05,7.27,6.86
10,35,7.29,7.33,7.26
10,36,8.92,8.86,8.97
10,37,7.11,7.33,6.91
10,38,9.25,9.35,9.15
10,39,8.19,8.26,8.12
5,1,8.94,9.04,8.85
5,2,9.4,9.32,9.48
5,3,9.47,9.49,9.44
5,4,9.82,9.9,9.74
5,5,7.74,7.93,7.54
5,6,9.63,9.64,9.61
5,7,8.91,8.98,8.85
5,8,8.28,8.46,8.11
5,9,9.38,9.36,9.39
5,10,10,9.87,10.13
5,11,8.41,8.54,8.29
5,12,7.79,8.15,7.48
5,13,8.12,8.28,7.97
5,14,7.69,7.85,7.53
5,15,8.3,8.55,8.06
5,16,8.88,8.76,8.99
5,17,9.16,9.22,9.09
5,18,10.86,10.73,11
5,19,9.26,9.38,9.13
5,20,9.16,9.23,9.08
5,21,9.52,9.53,9.51
5,22,9.27,9.22,9.31
5,23,8.39,8.32,8.45
5,24,9.45,9.57,9.32
5,25,10.1,10.03,10.16
5,26,7.9,8.08,7.73
5,27,10.43,10.32,10.53
5,28,9.98,9.97,9.99
5,29,9.12,9.27,8.97
5,30,11.02,10.87,11.17
5,31,10.22,10.17,10.27
5,32,10.04,10.17,9.9
5,33,9.02,9.11,8.93
5,34,9.26,9.2,9.3
5,35,11.12,11,11.25
5,36,7.98,8.13,7.83
5,37,8.52,8.81,8.24
5,38,8.59,8.8,8.38
15,1,8.3,8.19,8.43
15,2,9.82,9.85,9.78
15,3,8.02,7.92,8.13
15,4,8.14,8.19,8.08
15,5,8.68,8.49,8.88
15,6,10.04,9.99,10.1
15,7,7.75,7.56,7.95
15,8,7.42,7.36,7.48
15,9,10.01,9.92,10.1
15,10,9.46,9.43,9.5
15,11,9.56,9.51,9.62
15,12,9.5,9.4,9.61
15,13,11.06,10.85,11.29
15,14,9.76,9.59,9.95
15,15,8.87,8.82,8.92
15,16,8.9,8.89,8.92
15,17,9.92,9.94,9.9
15,18,10.74,10.54,10.95
15,19,10.18,10.08,10.29
15,20,11.49,11.27,11.75
15,21,7.4,7.5,7.28
15,22,10.3,10.29,10.32
15,23,9.55,9.37,9.74
15,24,11.3,11.16,11.44
15,25,9.75,9.64,9.86
15,26,8.09,7.95,8.24
15,27,10.69,10.57,10.82
15,28,10.04,9.95,10.13
15,29,10.14,10.03,10.26
15,30,10.13,10.02,10.26
15,31,9.13,9.03,9.23
15,32,7.02,6.81,7.25
15,33,10.22,10.05,10.41
15,34,8.89,8.75,9.05
15,35,9.98,9.81,10.17
15,36,8.51,8.48,8.55
15,37,11.23,11,11.49
15,38,9.06,9.06,9.07
15,39,10.14,10.04,10.24
15,40,8.87,8.95,8.79
15,41,7.01,6.96,7.05
15,42,8.72,8.47,9
15,43,9.17,9.03,9.31
15,44,10.24,10.04,10.45
15,45,9.05,9.02,9.09
15,46,9.27,9.24,9.3
15,47,8.19,8.07,8.32
15,48,9.56,9.47,9.66
15,49,8.69,8.52,8.87
15,50,9,9.01,9
15,51,10.36,10.14,10.59
15,52,7.96,7.97,7.95
15,53,9.96,9.9,10.02
15,54,12.27,12.05,12.53
15,55,10.14,10.04,10.25
15,56,7.62,7.43,7.84
15,57,10.72,10.5,10.96
15,58,10.42,10.26,10.6
15,59,9.9,9.83,9.97
15,60,9.75,9.62,9.89
15,61,9.23,9.1,9.37
15,62,10.43,10.21,10.67
15,63,8.15,8.1,8.19
15,64,8.49,8.36,8.63
15,65,9.23,9.29,9.17
15,66,7.21,7.07,7.35
15,67,8.98,8.74,9.24
15,68,9.6,9.55,9.65
15,69,10.74,10.72,10.77
15,70,9.53,9.41,9.66
15,71,8.71,8.67,8.76
15,72,9.96,9.72,10.22
15,73,11.11,10.98,11.25
15,74,7.54,7.18,7.95
15,75,9.85,9.79,9.92
15,76,10.42,10.23,10.63
15,77,8.68,8.57,8.81
15,78,8.04,8.01,8.07
15,79,9.07,9.19,8.94
15,80,7.13,7,7.29
15,81,10.99,10.84,11.15
15,82,8.56,8.5,8.64
15,83,9.82,9.76,9.89
15,84,9.13,9.08,9.17
15,85,8.04,7.78,8.33
15,86,7.85,7.83,7.87
15,87,8.27,8.07,8.49
15,88,9.25,9.21,9.3
15,89,9.79,9.72,9.87
15,90,9.07,8.99,9.14
15,91,9.67,9.52,9.83
15,92,10.01,9.88,10.15
15,93,9.68,9.69,9.66
15,94,9.13,9.08,9.18
15,95,9.85,9.72,9.99
15,96,9.35,9.42,9.28
15,97,8.32,8.3,8.35
15,98,10.09,10.01,10.18
15,99,10.52,10.4,10.64
15,100,9.3,9.25,9.35
15,101,9.74,9.6,9.9
15,102,8.68,8.6,8.78
15,103,10.5,10.41,10.61
15,104,10.93,10.76,11.1
15,105,7.54,7.44,7.66
15,106,10.92,10.72,11.15
15,107,8.72,8.83,8.59
15,108,10.71,10.56,10.88
15,109,10.37,10.18,10.57
15,110,9.13,9.1,9.15
15,111,7.13,6.7,7.59
15,112,8.08,8.03,8.14
15,113,7.43,7.7,7.14
15,114,6.84,6.55,7.15
15,115,9.67,9.49,9.86
15,116,7.8,7.51,8.1
15,117,7.4,7.31,7.49
15,118,9.99,9.79,10.21
15,119,7.48,7.38,7.58
15,120,9.77,9.7,9.84
15,121,11.38,11.16,11.61
15,122,9.12,9.02,9.22
15,123,7.15,7.21,7.07
15,124,6.48,6.19,6.79
15,125,10.51,10.42,10.61
19,1,9.45,9.52,9.38
19,2,8.12,8.31,7.94
19,3,7.07,7.16,6.98
19,4,9.19,9.22,9.16
19,5,8.57,8.71,8.43
19,6,11.35,11.18,11.51
19,7,7.52,7.57,7.47
19,8,8.84,9.12,8.56
19,9,9.35,9.32,9.37
19,10,9.4,9.33,9.48
19,11,8.09,8.22,7.97
19,12,9.33,9.25,9.41
19,13,7.91,7.96,7.86
19,14,7.45,7.62,7.29
19,15,7.32,7.5,7.13
19,16,7.93,7.95,7.92
19,17,7.88,7.93,7.83
19,18,10.31,10.21,10.4
19,19,13.16,12.67,13.72
19,20,8.23,8.24,8.21
19,21,10.45,10.34,10.56
19,22,8.08,8.1,8.06
19,23,8.17,8.46,7.88
19,24,7.96,7.92,8
19,25,9.71,9.59,9.83
19,26,11.08,10.88,11.28
19,27,7.51,7.43,7.6
19,28,8.56,8.6,8.52
19,29,9.07,9.16,8.97
19,30,7.62,7.61,7.63
19,31,9.88,9.81,9.95
19,32,8.31,8.54,8.09
19,33,9.44,9.42,9.46
19,34,8.88,8.72,9.03
19,35,8.53,8.74,8.33
19,36,6.59,6.82,6.36
19,37,8.35,8.4,8.3
19,38,9.71,9.79,9.63
19,39,11.47,11.27,11.68
19,40,8.56,8.79,8.33
19,41,9.44,9.35,9.53
19,42,7.37,7.49,7.25
19,43,6.66,6.76,6.56
19,44,9.69,9.69,9.69
19,45,9.43,9.37,9.49
19,46,11.92,11.63,12.22
19,47,9.6,9.67,9.53
19,48,10.66,10.47,10.85
19,49,10.31,10.23,10.39
19,50,7.15,7.21,7.09
19,51,8.96,8.93,9
17,1,8.52,8.42,8.64
17,2,9.34,9.39,9.3
17,3,8.07,8.16,7.97
17,4,8.69,8.73,8.64
17,5,7.82,8.04,7.57
17,6,10.04,9.97,10.13
17,7,11.39,11.25,11.54
17,8,10.12,10.02,10.23
17,9,9.79,9.78,9.81
17,10,8.9,8.98,8.81
17,11,10.52,10.37,10.69
17,12,9.65,9.67,9.63
17,13,8.98,9.08,8.87
17,14,9.06,9.12,9
17,15,8.77,8.87,8.66
17,16,8.59,8.67,8.51
17,17,9.13,9.15,9.1
17,18,9.19,9.15,9.24
17,19,8.4,8.58,8.21
17,20,9.94,9.94,9.93
17,21,9.1,9.25,8.93
17,22,8.66,8.85,8.47
17,23,8.48,8.75,8.21
17,24,8.96,8.95,8.97
17,25,8.97,9.07,8.86
17,26,9.3,9.28,9.32
17,27,8.63,8.75,8.5
17,28,9.15,9.16,9.13
17,29,9.35,9.32,9.39
17,30,8.92,8.94,8.89
17,31,10.37,10.23,10.54
17,32,9.53,9.59,9.46
17,33,8.86,8.99,8.71
17,34,6.92,7.04,6.78
17,35,8.45,8.3,8.6
17,36,7.41,7.54,7.26
12,1,9.87,9.68,10.09
12,2,5.27,5.12,5.46
12,3,6.87,6.6,7.17
12,4,4.6,4.51,4.72
12,5,7.31,7.32,7.29
12,6,7.8,7.71,7.89
12,7,8.41,8.36,8.47
12,8,6.46,6.57,6.34
12,9,5.93,5.54,6.43
12,10,5.32,5.04,5.65
12,11,8.38,8.3,8.47
12,12,7.23,6.95,7.54
12,13,7.48,7.4,7.56
12,14,9.04,9.03,9.04
12,15,8.09,8.02,8.17
12,16,5.57,5.54,5.6
12,17,7.48,7.51,7.45
12,18,7.67,7.7,7.65
12,19,5.42,5,5.88
12,20,5.35,5.01,5.77
12,21,8.09,7.94,8.26
12,22,6.78,6.75,6.8
12,23,7.02,7.15,6.88
12,24,6.81,6.59,7.06
12,25,7.19,6.98,7.42
12,26,6.13,6.15,6.1
12,27,5.94,5.93,5.95
12,28,6.56,6.35,6.82
12,29,10.66,10.56,10.77
12,30,8.19,8,8.38
12,31,6.59,6.38,6.83
12,32,6.39,6.41,6.37
12,33,7.62,7.56,7.7
12,34,7.47,7.47,7.48
12,35,10.03,9.98,10.08
12,36,7.35,7.24,7.48
12,37,7.49,7.33,7.66
12,38,9.29,9.19,9.4
12,39,7.88,7.54,8.24
12,40,6.91,6.91,6.92
12,41,7.77,7.37,8.25
12,42,5.73,5.54,5.95
12,43,4.86,4.65,5.13
12,44,8.08,8.04,8.13
12,45,6.19,5.88,6.54
12,46,8.36,8.35,8.37
12,47,5.78,5.61,5.99
12,48,7.96,7.95,7.97
12,49,7.54,7.75,7.3
12,50,8.97,8.77,9.19
12,51,6.35,6.2,6.54
12,52,7.18,7.03,7.34
12,53,7.43,7.2,7.68
12,54,6.47,6.44,6.51
12,55,8.64,8.63,8.65
12,56,7.82,7.48,8.19
12,57,7.94,7.81,8.08
12,58,7.92,7.88,7.96
12,59,7.26,7.08,7.46
12,60,6.78,6.97,6.58
12,61,9.21,9.04,9.4
12,62,5.04,4.96,5.13
12,63,7.03,6.68,7.45
12,64,7.52,7.44,7.6
12,65,6.14,6.03,6.27
12,66,8.22,8.04,8.45
12,67,8.13,7.8,8.49
12,68,7.09,7,7.18
12,69,5.09,4.9,5.34
12,70,6.35,6.14,6.58
12,71,5.19,5.11,5.28
12,72,6.33,6.21,6.47
12,73,5.53,5.56,5.51
12,74,5.81,5.57,6.12
12,75,7.96,7.76,8.18
12,76,6.57,6.27,6.9
12,77,8.16,8.2,8.13
12,78,3.4,3,3.91
12,79,5.18,4.99,5.4
12,80,6.9,6.87,6.94
12,81,8.5,8.16,8.91
24,1,7.68,7.92,7.41
24,2,6.84,7.37,6.27
24,3,6.96,7.13,6.78
24,4,6.33,6.58,6.07
24,5,8.58,8.75,8.39
24,6,7.37,7.55,7.19
24,7,8.94,9.21,8.65
24,8,8.33,8.43,8.21
24,9,9.37,9.42,9.32
24,10,7.61,7.82,7.38
24,11,8.64,8.93,8.32
24,12,8.52,8.5,8.55
24,13,9.91,9.92,9.9
24,14,7.89,7.89,7.89
24,15,8.15,8.38,7.91
24,16,8.46,8.57,8.34
24,17,6.43,6.64,6.22
24,18,8.29,8.37,8.2
24,19,6.38,6.82,5.93
24,20,9.71,9.75,9.67
24,21,8.6,8.69,8.49
24,22,7.07,7.37,6.74
24,23,7.18,7.55,6.78
24,24,8.63,8.91,8.32
24,25,7.95,8.17,7.68
24,26,8.21,8.15,8.28
24,27,7.5,7.79,7.17
24,28,11.38,11.26,11.51
24,29,7.26,7.25,7.26
24,30,6.41,6.64,6.17
24,31,5.75,6.05,5.42
24,32,7.87,7.98,7.73
24,33,6.63,6.95,6.29
24,34,8.36,8.47,8.24
24,35,10.68,10.6,10.77
24,36,7.27,7.57,6.98
24,37,8.43,8.43,8.42
24,38,8.43,8.27,8.59
24,39,8.04,7.99,8.1
24,40,8.51,8.64,8.37
24,41,8.07,8.19,7.95
24,42,8.64,8.54,8.75
24,43,6.93,7.19,6.62
24,44,7.29,7.62,6.97
24,45,7.67,7.85,7.47
24,46,7.24,7.52,6.95
24,47,6.49,6.97,6
24,48,8.82,8.84,8.79
24,49,6.64,7.08,6.14
24,50,7.92,7.85,8.01
24,51,7.53,7.65,7.41
24,52,6.62,6.79,6.44
24,53,8.76,8.73,8.8
24,54,8.18,8.36,7.99
24,55,7.53,7.44,7.61
24,56,7.31,7.55,7.04
24,57,7.86,7.81,7.92
24,58,8.26,8.42,8.09
31,1,6.77,6.78,6.76
31,2,8.33,8.19,8.47
31,3,7.39,7.25,7.55
31,4,8.74,8.6,8.89
31,5,7.55,7.4,7.7
31,6,7.23,7.46,7.01
31,7,7.87,7.57,8.17
31,8,6.82,7,6.63
31,9,8.27,8.16,8.39
31,10,6.44,6.42,6.46
31,11,7.07,7.26,6.88
31,12,7.03,7.41,6.63
31,13,11.24,11.06,11.43
31,14,7.9,7.98,7.82
31,15,7.27,7.21,7.34
31,16,6.65,6.34,6.96
31,17,6.77,6.49,7.05
31,18,7.86,8.15,7.57
31,19,6.51,6.22,6.79
31,20,9.2,9.15,9.24
31,21,7.65,7.43,7.86
31,22,6.82,6.48,7.16
31,23,8.66,8.73,8.59
31,24,6.56,6.54,6.58
31,25,7.94,7.88,8
31,26,8.33,8.34,8.32
31,27,9.41,9.5,9.31
31,28,8.57,8.95,8.18
31,29,7.9,8.05,7.76
31,30,6.74,6.82,6.67
31,31,6.89,6.79,6.99
31,32,7.03,6.96,7.1
31,33,7.63,7.26,7.99
31,34,7.26,6.97,7.56
31,35,6.94,6.94,6.94
31,36,7.38,7.4,7.35
31,37,6.95,6.95,6.96
31,38,8.18,8.06,8.3
31,39,8.41,8.32,8.49
31,40,8.05,7.95,8.15
31,41,9.13,8.99,9.27
31,42,7.03,7.25,6.8
31,43,7.28,7.05,7.49
31,44,7.45,7.2,7.7
31,45,8.13,8.13,8.13
31,46,6.81,6.67,6.95
31,47,7.22,7.13,7.32
31,48,7.84,7.51,8.16
31,49,6.13,6.03,6.22
31,50,11.4,11.19,11.63
31,51,8.32,8.18,8.45
31,52,8.41,8.34,8.48
31,53,8.21,8.02,8.4
31,54,7.97,7.99,7.95
31,55,7.35,7.31,7.38
31,56,7.37,7.22,7.54
31,57,7.41,7.66,7.15
31,58,7.67,7.58,7.78
31,59,9.33,9.42,9.24
31,60,7.43,7.54,7.31
31,61,7.82,8.17,7.51
31,62,7.42,7.48,7.37
31,63,7.99,7.63,8.35
31,64,7.79,7.59,7.99
31,65,8.15,8.46,7.86
31,66,7.37,7.11,7.63
31,67,7.48,7.43,7.53
31,68,7.98,8.36,7.63
31,69,6.84,6.64,7.03
31,70,8.3,8.63,7.97
31,71,7.25,7.37,7.13
31,72,8.21,8.09,8.33
31,73,6.56,6.22,6.89
31,74,7.94,7.97,7.92
31,75,6.89,6.7,7.08
31,76,7.03,6.9,7.16
31,77,6.85,7.05,6.67
31,78,7.56,7.38,7.74
31,79,7.97,7.82,8.13
31,80,6.43,6.25,6.61
31,81,7.22,6.86,7.6
31,82,8.88,8.91,8.84
31,83,8.03,8.25,7.82
31,84,7.3,7.17,7.42
31,85,7.01,6.79,7.23
31,86,6.94,7.04,6.85
31,87,6.44,6.36,6.51
31,88,7.25,7.52,6.98
31,89,8.95,8.9,9.01
31,90,6.7,6.25,7.15
31,91,7.61,7.39,7.82
31,92,7.07,6.8,7.35
31,93,9.17,9.03,9.32
31,94,7.02,6.82,7.23
31,95,8.92,8.66,9.19
31,96,7.88,7.89,7.86
31,97,7.16,7.42,6.91
31,98,7.48,7.52,7.44
31,99,6.7,6.53,6.87
31,100,8.01,7.91,8.1
31,101,9.11,8.93,9.29
31,102,8.88,8.64,9.15
31,103,7.32,7.08,7.55
31,104,6.8,6.81,6.79
31,105,9.22,9.15,9.3
31,106,8.5,8.7,8.3
22,1,7.24,7.19,7.3
22,2,7.23,7.45,6.99
22,3,7.59,7.98,7.13
22,4,8.02,8.02,8.01
22,5,7.97,7.9,8.04
22,6,12.22,12.07,12.39
22,7,8.28,8.25,8.32
22,8,7.73,7.77,7.68
22,9,8.58,8.81,8.31
22,10,6.98,7.34,6.58
22,11,10.59,10.41,10.77
22,12,8.72,8.5,8.95
22,13,7.39,7.56,7.21
22,14,11.43,11.24,11.63
22,15,7.4,7.49,7.3
22,16,10,9.89,10.12
22,17,9.28,9.25,9.33
22,18,8.25,8.22,8.28
1,1,10.84,10.75,10.93
1,2,8.54,8.68,8.38
1,3,8.05,8.31,7.78
1,4,9.08,9.1,9.07
1,5,10.22,10.25,10.18
1,6,9.77,9.8,9.73
1,7,9.6,9.65,9.55
1,8,9.24,9.45,9
1,9,8.56,8.71,8.4
1,10,8.49,8.56,8.43
1,11,9.21,9.25,9.16
25,1,10.66,10.71,10.61
25,2,9.15,9.23,9.08
25,3,7.13,7.33,6.93
25,4,8.84,9.24,8.45
25,5,7.9,8.17,7.63
25,6,11.06,11.11,11.01
25,7,7.29,7.57,7.02
25,8,7.97,8.22,7.73
25,9,9.16,9.44,8.89
25,10,8.9,9.06,8.74
25,11,9.61,9.66,9.55
25,12,10.83,10.9,10.77
25,13,7.93,8.09,7.78
25,14,9.01,9.31,8.71
25,15,10.49,10.51,10.47
25,16,8.04,8.28,7.82
25,17,7.84,8.04,7.64
25,18,8.6,8.78,8.42
8,1,7.78,8.02,7.53
8,2,9.41,9.6,9.2
8,3,9.13,9.57,8.7
8,4,9.15,9.33,9.01
8,5,7.76,7.98,7.55
8,6,6.88,7.29,6.47
8,7,5.38,5.34,5.42
8,8,3.59,3.65,3.52
8,9,7.93,8.03,7.81
8,10,7.87,8.1,7.65
8,11,9.49,9.62,9.36
8,12,4.63,4.74,4.51
8,13,8.5,8.77,8.24
8,14,8,8.4,7.64
8,15,6.97,7.42,6.55
8,16,8.45,8.81,8.09
8,17,9.4,9.51,9.29
8,18,6.64,7.02,6.31
8,19,11.42,11.41,11.44
8,20,7.14,7.27,7.02
8,21,10.2,10.24,10.15
8,22,6.63,6.98,6.3
8,23,7.36,7.73,6.99
8,24,7.92,8.26,7.58
8,25,8,8.31,7.68
8,26,6.9,7.14,6.67
8,27,6.71,6.7,6.72
8,28,7.95,8.12,7.77
8,29,5.86,6.04,5.68
8,30,6.52,6.67,6.35
8,31,7.75,8.05,7.44
8,32,10.34,10.44,10.25
8,33,6.95,7.48,6.46
8,34,7.47,7.75,7.18
8,35,6.95,7.11,6.8
8,36,9.55,9.74,9.35
8,37,10.18,10.09,10.28
8,38,7.93,8.27,7.6
8,39,8.59,8.93,8.27
8,40,7.99,8.31,7.66
8,41,6.41,6.74,6.06
8,42,6.43,6.77,6.13
8,43,7.32,7.77,6.9
8,44,8.26,8.64,7.88
8,45,8.78,8.95,8.6
8,46,5.45,5.52,5.39
8,47,6.41,6.57,6.26
8,48,7.61,7.89,7.32
8,49,6.82,7.28,6.37
8,50,9.9,9.97,9.82
8,51,7.19,7.51,6.88
8,52,8.61,8.74,8.47
8,53,7.61,7.65,7.58
8,54,6.72,6.69,6.75
8,55,8.4,8.69,8.1
8,56,6.82,7.17,6.49
8,57,6.97,7.12,6.85
8,58,8.52,8.81,8.25
8,59,9.58,9.62,9.54
8,60,9.46,9.67,9.25
8,61,7,7.19,6.84
8,62,8.86,9.11,8.59
8,63,6.98,7.46,6.49
8,64,6.87,7.19,6.54
8,65,5.44,5.51,5.38
8,66,5.86,6.15,5.57
8,67,7.12,7.5,6.75
26,1,8.78,9.38,8.22
26,2,9.64,9.63,9.64
26,3,8.2,8.4,8.01
26,4,8.73,9.03,8.42
26,5,8.18,8.15,8.22
26,6,8.13,8.43,7.86
26,7,9.07,9.25,8.9
26,8,7.64,7.79,7.5
26,9,7.23,7.55,6.92
26,10,8.1,8.27,7.93
26,11,8.11,8.42,7.81
26,12,8.75,8.89,8.61
26,13,9.35,9.66,9.05
26,14,8.68,8.86,8.51
26,15,7.72,7.99,7.48
26,16,9.11,9.08,9.14
26,17,9.51,9.61,9.41
26,18,10.8,10.77,10.84
26,19,10.52,10.55,10.48
26,20,8.3,8.53,8.08
26,21,7.57,7.9,7.33
26,22,7.72,8.01,7.49
26,23,9.54,9.73,9.35
26,24,8.52,8.57,8.48
26,25,9.59,9.7,9.49
26,26,9.41,9.58,9.24
26,27,9.59,9.53,9.65
26,28,8.97,9.29,8.67
26,29,10.11,10.19,10.03
26,30,11.3,11.33,11.26
26,31,7.86,8.04,7.68
26,32,8.99,9.16,8.84
26,33,9.59,9.7,9.48
26,34,9.23,9.54,8.95
26,35,8.93,9.03,8.82
26,36,10.01,10.1,9.91
26,37,8.51,8.78,8.29
26,38,10.35,10.54,10.15
26,39,9.37,9.45,9.29
26,40,7.11,7.34,6.92
26,41,10.1,10.07,10.13
26,42,10.31,10.34,10.28
26,43,10.59,10.54,10.63
26,44,7.12,7.08,7.17
26,45,7.81,8.18,7.51
26,46,9.85,10.02,9.68
26,47,9.24,9.49,9.01
26,48,9.83,9.9,9.76
26,49,7.23,7.27,7.21
26,50,7.75,7.9,7.61
26,51,7.21,7.31,7.11
26,52,8.42,8.85,8.01
26,53,9.5,9.74,9.28
26,54,8.77,9.06,8.53
26,55,9.46,9.5,9.41
26,56,6.73,6.74,6.72
26,57,7.7,8.1,7.36
26,58,9.86,9.95,9.77
26,59,8.5,8.57,8.45
26,60,7.82,8.08,7.6
26,61,7.4,7.59,7.26
26,62,7.6,7.64,7.57
26,63,8.19,8.47,7.95
26,64,7.73,8.19,7.33
26,65,7.7,7.92,7.5
26,66,9.07,9.34,8.83
26,67,8.08,8.19,7.99
26,68,8.35,8.59,8.17
26,69,7.09,7.3,6.89
26,70,8.93,9.06,8.79
26,71,8.97,9.07,8.86
26,72,8.55,8.75,8.36
29,1,10.89,10.78,11.01
29,2,11.19,11.04,11.35
29,3,8.41,8.6,8.2
29,4,8.08,8.11,8.05
29,5,10.86,10.7,11.05
29,6,9.42,9.46,9.38
29,7,8.04,8.13,7.95
29,8,8.26,8.24,8.28
29,9,9.7,9.62,9.78
29,10,10.46,10.34,10.59
29,11,9.08,8.96,9.22
29,12,8.31,8.52,8.09
29,13,9.12,9.04,9.21
29,14,8.59,8.63,8.55
29,15,9.66,9.66,9.66
29,16,9.83,9.7,9.98
29,17,8.27,8.1,8.45
29,18,9.9,9.78,10.03
29,19,9.98,9.93,10.04
29,20,8.78,8.73,8.83
29,21,8.74,8.66,8.83
29,22,9.63,9.41,9.86
29,23,9.47,9.41,9.55
29,24,10.89,10.84,10.95
29,25,8.46,8.26,8.68
29,26,10.06,9.96,10.17
29,27,8.34,8.12,8.59
29,28,9.67,9.47,9.88
29,29,10.29,10.18,10.41
29,30,7.87,7.86,7.88
29,31,9.65,9.55,9.76
29,32,9.97,9.95,10
29,33,12.18,12.07,12.31
29,34,8.33,8.4,8.25
29,35,9.16,9.05,9.27
29,36,11.5,11.43,11.59
29,37,7.65,7.39,7.94
29,38,10.21,10.06,10.37
29,39,9.42,9.08,9.78
29,40,9.24,9.28,9.2
29,41,9.85,9.7,10.01
29,42,10.46,10.24,10.7
29,43,10.87,10.75,10.99
29,44,10.19,10.08,10.32
29,45,8.48,8.61,8.33
29,46,7.99,8.12,7.84
29,47,8.68,8.8,8.56
29,48,10.95,10.91,11.01
29,49,10.52,10.59,10.46
29,50,9.59,9.55,9.63
29,51,10.53,10.47,10.59
29,52,8.62,8.41,8.83
29,53,10.47,10.47,10.47
29,54,9.99,9.93,10.06
29,55,9.22,9.2,9.25
29,56,10.16,9.9,10.45
29,57,10.5,10.51,10.49
29,58,9.4,9.05,9.79
29,59,8.88,8.8,8.97
29,60,9.6,9.65,9.54
27,1,8.27,8.27,8.28
27,2,8.84,8.69,9.01
27,3,9.32,9.11,9.53
27,4,10.96,10.8,11.14
27,5,9.14,8.91,9.38
27,6,8.86,8.68,9.05
27,7,9.62,9.45,9.81
27,8,8.45,8.3,8.6
27,9,9.08,8.82,9.35
27,10,9.73,9.57,9.91
27,11,8.27,8.23,8.3
27,12,9.33,9.11,9.56
27,13,10.53,10.35,10.72
27,14,10.04,9.77,10.33
27,15,8.66,8.39,8.94
27,16,8.68,8.58,8.79
27,17,8.74,8.71,8.77
18,1,9.37,9.6,9.13
18,2,9.11,9.27,8.95
18,3,8.16,8.48,7.85
18,4,8.61,8.82,8.39
18,5,7.89,7.98,7.81
18,6,9.4,9.56,9.23
18,7,8.88,9.05,8.71
18,8,10.82,11.11,10.5
18,9,5.72,5.41,6.05
18,10,8.31,8.63,8.01
18,11,8.5,8.62,8.38
18,12,8.16,8.38,7.94
18,13,8.37,8.65,8.11
18,14,8.21,8.37,8.05
18,15,8.4,8.6,8.2
18,16,8.79,8.98,8.61
18,17,11.17,11.28,11.05
18,18,9.24,9.52,8.95
18,19,6.64,6.63,6.66
18,20,9.85,9.93,9.77
32,1,7.5,7.63,7.37
32,2,7.29,7.5,7.05
32,3,7.46,7.74,7.17
32,4,7.78,8.1,7.46
32,5,8.93,8.95,8.9
32,6,8.63,8.9,8.35
32,7,9.13,9.3,8.96
32,8,8.39,8.49,8.29
32,9,8.26,8.58,7.92
32,10,9.22,9.35,9.08
32,11,7.7,7.84,7.55
32,12,7.96,8.35,7.54
32,13,8.71,8.81,8.6
32,14,7.92,8.25,7.57
32,15,6.75,6.99,6.51
32,16,7.51,7.84,7.15
32,17,11.39,11.43,11.35
32,18,7.39,7.43,7.36
32,19,8.67,8.81,8.51
32,20,9.06,9.14,8.97
32,21,7.94,8.04,7.84
32,22,8.79,9.21,8.33
32,23,8.93,8.87,8.99
32,24,9.13,9.26,9
32,25,8.57,8.57,8.58
32,26,7.41,7.59,7.24
32,27,7.54,7.86,7.27
32,28,7.15,7.04,7.26
32,29,8.21,8.5,7.9
32,30,7.81,8.2,7.4
32,31,7.84,8,7.67
32,32,9.64,9.67,9.6
32,33,7.52,7.4,7.65
32,34,8.14,8.24,8.01
32,35,8.07,8.27,7.85
32,36,8.56,8.74,8.36
32,37,7.67,7.81,7.54
32,38,7.85,8.25,7.41
32,39,9.07,9.27,8.84
32,40,8.08,8.48,7.64
32,41,6.93,7.19,6.68
32,42,8.69,8.9,8.47
32,43,7.59,7.8,7.36
32,44,8.1,8.2,7.99
32,45,8.23,8.42,8.03
32,46,6.94,7.02,6.85
32,47,8.62,8.78,8.45
32,48,8.85,9.04,8.65
32,49,8.36,8.39,8.32
32,50,8.72,8.97,8.46
32,51,7.72,8,7.44
32,52,9.19,9.26,9.12
32,53,8.35,8.59,8.07
32,54,8.02,8.29,7.72
32,55,8.08,8.27,7.88
32,56,11.57,11.57,11.56
32,57,8.61,8.72,8.49
32,58,8,8.16,7.82
30,1,7.25,7.4,7.11
30,2,7.61,7.44,7.79
30,3,8.61,8.35,8.9
30,4,7.35,7.38,7.33
30,5,6.95,7.12,6.77
30,6,7.38,7.33,7.44
30,7,6.74,6.65,6.84
30,8,6.35,6.4,6.29
30,9,6.84,6.95,6.73
30,10,7.05,7.02,7.08
30,11,9.72,9.69,9.76
30,12,6.96,7.02,6.91
30,13,9.71,9.52,9.93
30,14,8.5,8.5,8.5
30,15,7.05,6.96,7.14
30,16,9.29,9.18,9.41
30,17,8.17,7.96,8.38
30,18,5.35,5.44,5.24
30,19,5.35,5.12,5.64
30,20,5.66,5.6,5.72
30,21,8.2,8.15,8.26
30,22,7.38,7.18,7.58
30,23,6.33,6.44,6.21
30,24,6.29,6.44,6.14
30,25,4.72,4.83,4.6
30,26,10.2,10.1,10.33
30,27,6.78,6.46,7.13
30,28,11.4,11.13,11.72
30,29,5.52,5.47,5.59
30,30,9.55,9.47,9.64
30,31,5.97,5.86,6.09
30,32,7.53,7.32,7.78
30,33,7.58,7.46,7.72
30,34,10.1,9.82,10.43
30,35,7.2,7.01,7.39
30,36,7.4,7.29,7.52
30,37,6.02,5.76,6.3
30,38,9.66,9.67,9.64
30,39,10.34,10.02,10.7
30,40,9.98,9.84,10.16
30,41,7.18,7.39,6.95
30,42,6.82,6.79,6.85
30,43,5.74,5.89,5.58
30,44,9.96,9.83,10.12
30,45,8.62,8.59,8.65
30,46,6.42,6.47,6.38
30,47,6.38,6.54,6.21
30,48,9.54,9.22,9.92
30,49,6.95,6.83,7.08
30,50,6.85,6.62,7.1
30,51,6.54,6.3,6.8
30,52,7.81,7.75,7.87
30,53,8.03,8.05,8
30,54,7.22,7.27,7.15
30,55,7.31,6.87,7.8
30,56,6.45,6.14,6.8
30,57,6.09,6.13,6.05
30,58,7.63,7.28,8.02
30,59,7.87,7.56,8.22
30,60,7.56,7.35,7.8
30,61,7.52,7.43,7.63
30,62,7.05,7.06,7.03
30,63,6.73,6.53,6.94
30,64,6.99,6.68,7.35
30,65,10.24,10.23,10.25
30,66,7.5,7.4,7.6
30,67,5.6,5.36,5.86
30,68,10.16,10.06,10.28
30,69,8.68,8.6,8.78
30,70,6.96,6.97,6.94
30,71,8.21,8.18,8.24
30,72,7.27,7.3,7.24
30,73,6.94,6.67,7.25
30,74,9.18,9.07,9.29
30,75,6.88,7.08,6.65
30,76,5.01,4.8,5.25
30,77,7.34,7.38,7.29
30,78,7.38,7.16,7.6
30,79,5.94,6.15,5.73
30,80,7.09,7.18,7
30,81,8.71,8.6,8.84
30,82,8.26,7.77,8.77
30,83,6.79,6.43,7.18
30,84,6.95,7.06,6.82
30,85,9.17,9.04,9.33
30,86,6.62,6.6,6.65
30,87,11.27,11.15,11.41
30,88,6.63,6.6,6.66
30,89,9,8.71,9.34
30,90,7.7,7.68,7.71
30,91,7,6.97,7.04
30,92,7.77,7.71,7.84
30,93,8.44,8.44,8.45
30,94,6.93,6.88,6.98
30,95,6.73,6.86,6.59
30,96,6.8,6.49,7.13
30,97,8.86,8.76,8.97
30,98,7.2,7.09,7.31
30,99,7.52,7.42,7.64
30,100,7.33,7.19,7.47
30,101,8.33,8.37,8.28
30,102,8.99,8.95,9.05
30,103,5.75,5.5,6.02
30,104,6.3,5.99,6.65
30,105,9.87,9.77,9.98
30,106,7.07,6.92,7.22
30,107,6.12,6.11,6.12
30,108,9.64,9.4,9.9
30,109,8.59,8.58,8.59
30,110,4.3,4.47,4.13
30,111,8.05,7.74,8.4
30,112,8.27,8.35,8.2
30,113,7.48,7.49,7.48
30,114,7.88,7.92,7.84
30,115,9.23,9.16,9.31
30,116,8.36,8.08,8.68
30,117,7.32,7.51,7.12
30,118,11.35,11.1,11.65
30,119,7.88,7.78,8
30,120,8.01,7.41,8.7
30,121,7.19,7.24,7.14
30,122,5.85,5.41,6.31
30,123,8.57,8.64,8.49
30,124,8.32,8.16,8.48
30,125,7.25,7.38,7.12
30,126,7.93,7.83,8.03
30,127,4.97,5.12,4.82
30,128,8.39,8.37,8.4
30,129,7.25,7.02,7.5
30,130,6.72,6.67,6.77
30,131,10.84,10.61,11.11
30,132,7.52,7.57,7.48
30,133,8.81,8.72,8.9
30,134,8.13,8.18,8.08
30,135,8.18,8.21,8.14
30,136,8.38,8.38,8.38
30,137,6.61,6.45,6.79
30,138,10.64,10.45,10.86
30,139,7.19,7.06,7.33
30,140,6.62,6.47,6.79
30,141,7.23,6.93,7.57
30,142,6.73,6.57,6.91
30,143,6.63,6.3,7.01
30,144,7.42,7.05,7.84
30,145,8.81,8.57,9.09
30,146,6.8,6.78,6.83
30,147,5.31,5.15,5.48
30,148,7.2,7.1,7.3
30,149,5.62,5.3,5.98
30,150,7.51,7.36,7.66
30,151,7.26,7.26,7.26
30,152,7.37,7.4,7.34
30,153,7.47,7.17,7.8
30,154,6.66,6.58,6.74
30,155,7.94,7.82,8.07
30,156,6.23,6.37,6.1
30,157,7.7,7.7,7.71
30,158,7.61,7.59,7.64
30,159,5.04,4.53,5.62
30,160,8.17,8.13,8.21
30,161,7.13,7.03,7.24
30,162,6.08,5.99,6.18
30,163,6.56,6.57,6.55
30,164,8.37,8.35,8.38
30,165,6.58,6.71,6.45
30,166,5.93,6.13,5.74
30,167,7.76,7.51,8.02
30,168,6.33,6.3,6.37
30,169,6.79,6.86,6.72
30,170,5.04,4.86,5.24
30,171,6.71,6.97,6.41
30,172,7.16,7.01,7.33
30,173,6.8,6.81,6.78
30,174,8.36,8.3,8.42
30,175,8.47,8.42,8.52
30,176,7.24,7.36,7.13
30,177,7,7.02,6.98
30,178,7.86,8.04,7.66
30,179,7.23,7.2,7.26
30,180,5.8,5.58,6.03
30,181,7.34,7.48,7.19
30,182,8.42,8.31,8.55
30,183,7.79,7.78,7.81
30,184,5.67,5.73,5.6
30,185,7.96,7.9,8.04
30,186,8.34,8.44,8.24
30,187,6.46,6.53,6.38
30,188,6.68,6.77,6.58
30,189,9.87,9.78,9.97
30,190,7.53,7.43,7.63
30,191,9.07,8.89,9.26
30,192,7.9,7.87,7.92
30,193,10.6,10.42,10.81
30,194,7.09,6.9,7.3
30,195,6.25,6.04,6.46
30,196,8.03,8.08,7.97
30,197,6.65,6.6,6.7
30,198,5.93,5.89,5.97
30,199,7.65,7.02,8.39
30,200,7.03,7.22,6.84
30,201,6.75,6.81,6.7
30,202,5.59,5.32,5.89
30,203,6.42,6.1,6.77
30,204,9.39,9.16,9.65
30,205,8.66,8.61,8.7
30,206,10.17,9.84,10.54
30,207,7.88,7.9,7.85
30,208,8.04,7.92,8.19
30,209,6.37,6.14,6.64
30,210,6.73,6.78,6.69
30,211,8.3,8.27,8.32
30,212,5.65,5.45,5.87
14,1,7.29,7.49,7.08
14,2,9.23,9.11,9.34
14,3,9.52,9.71,9.32
14,4,8.34,8.55,8.12
14,5,9.2,9.16,9.23
14,6,9.06,9.09,9.03
14,7,8.67,9.02,8.32
14,8,8.1,8.24,7.95
14,9,9.28,9.28,9.27
14,10,7.64,7.86,7.41
14,11,7.66,8.02,7.3
14,12,8.05,8.24,7.86
14,13,8.24,8.31,8.16
14,14,7.43,7.59,7.26
14,15,9.74,9.83,9.63
14,16,7.07,7.07,7.06
14,17,8.14,8.48,7.79
14,18,8.4,8.38,8.43
14,19,7.21,6.75,7.68
14,20,7.71,8.0,7.44
14,21,8.13,8.27,7.99
14,22,8.43,8.55,8.31
14,23,10.55,10.56,10.53
14,24,8.61,8.56,8.65
14,25,9.7,9.9,9.48
14,26,7.56,7.89,7.23
14,27,7.34,7.45,7.23
14,28,7.46,7.8,7.1
14,29,7.27,7.42,7.11
14,30,9.96,9.93,9.99
14,31,6.71,6.78,6.63
14,32,7.94,8.14,7.72
14,33,7.15,7.26,7.03
14,34,7.8,8.62,7.0
14,35,7.68,7.8,7.54
14,36,9.42,9.62,9.2
14,37,9.22,9.31,9.11
14,38,7.77,8.08,7.47
14,39,10.96,10.8,11.15
14,40,7.5,7.78,7.2
14,41,7.76,7.85,7.66
14,42,7.71,7.95,7.44
14,43,7.89,8.08,7.7
14,44,9.01,8.97,9.06
14,45,7.6,7.68,7.51
14,46,7.96,8.14,7.77
14,47,8.28,8.28,8.29
14,48,6.5,6.64,6.34
14,49,6.39,6.73,6.08
14,50,8.27,8.32,8.21
14,51,9.1,9.08,9.12
14,52,7.98,8.22,7.71
14,53,8.94,8.91,8.97
14,54,8.46,8.61,8.3
14,55,8.79,8.85,8.71
14,56,6.17,6.35,5.99
14,57,7.95,8.42,7.46
14,58,8.92,9.18,8.66
14,59,8.46,8.56,8.34
14,60,7.25,7.48,6.97
14,61,5.94,5.36,6.59
14,62,7.66,7.77,7.55
14,63,9.42,9.38,9.47
14,64,7.74,7.9,7.57
14,65,6.89,7.03,6.75
14,66,8.18,8.06,8.31
14,67,10.31,10.35,10.26
14,68,7.47,7.82,7.12
14,69,6.24,6.45,6.0
14,70,8.92,8.94,8.91
14,71,6.84,7.15,6.52
14,72,7.24,7.34,7.14
14,73,8.25,8.35,8.16
14,74,7.54,7.72,7.32
14,75,9.04,9.43,8.64
14,76,7.35,7.56,7.13
14,77,9.01,9.1,8.92
14,78,7.76,7.77,7.75
14,79,8.41,8.58,8.24
14,80,7.54,7.98,7.14
14,81,7.14,7.37,6.9
14,82,9.31,9.28,9.35
14,83,8.93,8.92,8.95
14,84,8.18,8.37,7.97
14,85,8.01,8.05,7.97
14,86,7.75,7.85,7.64
14,87,7.96,7.98,7.93
14,88,8.49,8.66,8.31
14,89,8.16,8.32,7.99
14,90,8.56,8.75,8.35
14,91,7.57,7.57,7.57
14,92,7.52,7.7,7.34
14,93,8.84,8.85,8.83
14,94,9.23,9.31,9.14
14,95,8.63,8.74,8.52
14,96,7.51,7.71,7.3
14,97,10.11,9.99,10.24
14,98,10.18,10.08,10.28
14,99,7.57,7.77,7.35
14,100,7.76,7.97,7.55
14,101,9.75,9.72,9.78
14,102,8.11,8.3,7.9
14,103,8.33,8.5,8.15
14,104,7.8,7.95,7.65
14,105,7.75,7.92,7.57
14,106,7.12,7.29,6.95
14,107,8.03,8.07,8.0
14,108,9.08,8.94,9.23
14,109,7.15,7.3,6.99
14,110,8.76,8.95,8.56
14,111,8.11,8.18,8.04
14,112,7.63,7.75,7.5
14,113,7.87,8.01,7.72
14,114,8.33,8.37,8.29
14,115,7.43,7.54,7.31
14,116,7.65,7.57,7.74
14,117,6.83,7.09,6.57
14,118,7.82,7.94,7.68
14,119,8.45,8.43,8.47
14,120,11.47,11.33,11.63
14,121,8.8,8.76,8.83
14,122,8.33,8.54,8.12
14,123,7.36,7.53,7.18
14,124,7.86,7.84,7.88
14,125,6.97,7.31,6.59
13,1,7.35,7.55,7.13
13,2,6.66,6.44,6.92
13,3,9.93,9.96,9.9
13,4,7.63,7.83,7.39
13,5,8.66,8.66,8.65
13,6,8.15,8.23,8.05
13,7,8.51,8.66,8.35
13,8,9.42,9.41,9.44
13,9,9,9.08,8.92
13,10,9.94,9.93,9.96
13,11,7.77,7.4,8.18
13,12,8.17,8.27,8.06
13,13,9.88,9.76,10.02
13,14,7.05,6.8,7.33
13,15,8.55,8.32,8.8
13,16,8.02,8.06,7.97
13,17,7.79,7.86,7.71
13,18,7.34,7.53,7.14
13,19,8.74,8.69,8.78
13,20,7.3,7.54,7.02
13,21,9.48,9.37,9.6
13,22,9.12,9.16,9.07
13,23,10.19,10.13,10.26
13,24,7.79,7.88,7.69
13,25,7.56,6.96,8.25
13,26,7.14,6.74,7.58
13,27,6.44,6.27,6.63
13,28,8.42,8.15,8.73
13,29,8.79,8.88,8.68
13,30,9.36,9.31,9.41
13,31,7.68,7.82,7.53
13,32,7.25,7.02,7.48
13,33,7.29,7.42,7.14
13,34,7.7,7.61,7.8
13,35,8.12,8.28,7.94
13,36,8.3,8.37,8.22
13,37,7.53,7.54,7.51
13,38,8.31,8.35,8.28
13,39,9.76,9.74,9.78
13,40,6.16,6.53,5.75
13,41,9.74,9.76,9.72
13,42,8.58,8.67,8.49
13,43,7.77,7.69,7.87
13,44,8.02,8.31,7.7
13,45,8.44,8.42,8.47
13,46,6.87,6.69,7.07
13,47,6.58,6.76,6.37
13,48,11.52,11.44,11.62
13,49,7.04,7.43,6.59
13,50,10.17,10.2,10.12
13,51,11.7,11.64,11.77
13,52,9.36,9.5,9.22
13,53,6.46,6.42,6.5
13,54,9.6,9.6,9.6
13,55,9,8.94,9.07
13,56,9.48,9.53,9.43
13,57,8.01,8.08,7.93
13,58,8.72,8.73,8.71
13,59,7.89,8.1,7.64
13,60,7.23,7.35,7.09
13,61,10.24,10.1,10.4
13,62,6.46,6.43,6.49
13,63,9.24,9.18,9.31
13,64,8.77,8.92,8.6
13,65,9.06,9.09,9.02
13,66,9.16,9.21,9.11
13,67,9.15,9.21,9.09
13,68,6.72,6.6,6.86
13,69,10.23,10.12,10.34
13,70,9.37,9.4,9.34
13,71,6.43,6.65,6.19
13,72,10.25,10.16,10.34
13,73,7.3,7.05,7.57
13,74,9.39,9.33,9.46
13,75,9.55,9.47,9.63
13,76,10.12,10.05,10.18
13,77,9.61,9.57,9.65
13,78,6.25,5.78,6.79
13,79,8,7.97,8.04
13,80,6.41,5.96,6.9
13,81,8.7,8.62,8.79
13,82,9.27,9.3,9.24
13,83,10.65,10.65,10.66
13,84,8.78,8.81,8.74
4,1,9.4,9.12,9.71
4,2,10.72,10.59,10.87
4,3,10.26,10.11,10.43
4,4,8.12,8.07,8.16
4,5,9.27,8.91,9.64
4,6,7.5,7.39,7.6
4,7,8.46,8.47,8.46
4,8,8.75,8.39,9.1
4,9,8.18,8.23,8.13
4,10,7.43,7.4,7.46
4,11,7.25,7.3,7.2
4,12,9,8.83,9.18
20,1,6.95,6.17,8.05
20,2,7.33,7.36,7.3
20,3,6.73,6.17,7.35
20,4,7.79,7.72,7.88
20,5,8.48,8.16,8.81
20,6,9.17,8.99,9.38
20,7,4.76,4.42,5.21
20,8,6.67,6.44,6.92
20,9,6.72,6.64,6.81
20,10,9.4,8.97,9.87
20,11,5.49,5.25,5.75
20,12,6.06,5.7,6.45
20,13,7.86,7.49,8.26
20,14,9.67,9.34,10.05
20,15,4.5,4.17,4.87
20,16,3.89,3.74,4.08
20,17,5.73,5.62,5.85
20,18,6.31,6.3,6.33
20,19,5.65,5.56,5.74
20,20,6.36,6.04,6.79
20,21,8.06,7.9,8.24
20,22,7.66,7.15,8.21
20,23,9.3,9.06,9.55
20,24,4.7,4.62,4.77
20,25,7.45,7.28,7.64
20,26,7.83,7.48,8.25
20,27,4.88,4.81,4.97
20,28,6.8,6.72,6.89
20,29,5.23,5.08,5.4
20,30,10.88,10.32,11.49
20,31,6.21,5.64,6.98
20,32,5.68,5.44,5.94
20,33,9.96,9.75,10.21
20,34,6.49,6.4,6.58
20,35,11.46,11.1,11.88
20,36,6.08,5.77,6.42
20,37,5.69,5.71,5.67
20,38,6.19,6.03,6.36
20,39,9.54,9.45,9.65
20,40,4.58,4.24,4.98
20,41,6.48,6.16,6.89
20,42,8.47,8.32,8.63
20,43,8.92,8.38,9.52
20,44,7.51,7.48,7.53
20,45,10.36,10.16,10.58
20,46,6.74,6.59,6.92
20,47,7.84,7.22,8.5
20,48,6.48,6.13,6.86
20,49,7.65,7.47,7.86
20,50,5.64,5.12,6.23
20,51,4.18,3.96,4.46
20,52,8.48,8.24,8.73
20,53,8.23,7.56,8.99
20,54,7.95,7.89,8.03
20,55,6.85,6.78,6.93
20,56,6.97,6.69,7.27
20,57,8.29,8.09,8.53
20,58,5.21,4.95,5.49
20,59,7.96,7.86,8.08
20,60,6.26,6.11,6.43
20,61,5.62,5.5,5.78
20,62,8.71,8.44,9.04
20,63,10.72,10.52,10.95
20,64,7.46,7.39,7.54
20,65,4.58,4.37,4.85
20,66,7.17,6.93,7.43
20,67,11.32,11.12,11.57
20,68,8.83,8.73,8.95
20,69,6.2,5.83,6.61
20,70,7.2,7.08,7.32
20,71,6.45,6.28,6.62
20,72,6.92,6.83,7.01
20,73,8.2,7.97,8.48
20,74,6.81,6.57,7.07
20,75,7.5,7.36,7.66
20,76,7.23,7.15,7.33
20,77,9.34,9.21,9.49
20,78,9.2,8.99,9.43
20,79,9.99,9.6,10.44
20,80,5.7,5.4,6.03
20,81,5.24,5.17,5.33
20,82,7.01,6.95,7.08
20,83,10.26,10.08,10.47
20,84,10.68,10.52,10.86
20,85,5.93,5.53,6.36
20,86,8.47,8.08,8.99
20,87,8.24,8.07,8.43
20,88,6.63,6.4,6.88
20,89,6.94,6.65,7.24
20,90,7.93,7.9,7.98
20,91,12.02,11.72,12.37
20,92,8.11,7.68,8.6
20,93,7.01,7.09,6.92
20,94,7.35,7.32,7.37
20,95,5.8,5.47,6.13
20,96,9.35,9.2,9.53
20,97,6.38,6.1,6.68
20,98,6.23,5.91,6.59
20,99,4.86,4.88,4.84
20,100,5.18,4.84,5.6
20,101,5.53,5.21,5.92
20,102,9.47,9.41,9.55
20,103,7.31,6.98,7.69
20,104,7.17,6.96,7.41
20,105,6.77,6.52,7.07
20,106,6.6,6.3,6.92
20,107,9.8,9.54,10.1
20,108,7.51,6.91,8.27
20,109,9,8.8,9.21
20,110,6.44,5.98,7.1
20,111,6.74,6.72,6.75
20,112,7.07,7.06,7.09
20,113,6.46,6.5,6.41
20,114,6.4,6.09,6.75
20,115,10.69,10.59,10.81
20,116,4.79,4.61,5
20,117,6.18,5.67,6.75
20,118,5.17,5.17,5.16
20,119,7.64,7.18,8.22
20,120,7.21,6.64,7.85
20,121,7.08,6.71,7.48
20,122,7.65,7.5,7.8
20,123,6.92,6.89,6.94
20,124,6.21,5.58,6.87
20,125,6.55,6.28,6.82
20,126,5.99,5.42,6.64
20,127,6.64,6.45,6.88
20,128,6.49,6.34,6.65
20,129,8.22,8.31,8.1
20,130,6.46,6.36,6.57
20,131,5.98,5.72,6.28
20,132,8.58,8.49,8.67
20,133,6.9,6.36,7.51
20,134,5.79,5.47,6.17
20,135,7.84,7.83,7.85
20,136,6.57,6.22,6.98
20,137,7.01,6.87,7.15
20,138,6.8,5.98,7.67
20,139,5.52,5.47,5.57
20,140,7.99,7.77,8.22
20,141,7.2,6.95,7.45
20,142,4.79,4.33,5.39
20,143,7.78,7.6,7.95
20,144,6.67,6.32,7.06
20,145,10.41,10.26,10.57
20,146,6.32,5.94,6.79
20,147,6.77,6.72,6.82
20,148,6.06,5.85,6.33
20,149,6.4,6.48,6.3
20,150,9.46,9.46,9.45
20,151,5.82,5.44,6.18
20,152,5.25,5.22,5.29
20,153,7.7,7.58,7.84
20,154,5.73,5.49,6.01
20,155,6.57,6.63,6.5
20,156,6.99,6.83,7.16
20,157,11.77,11.59,11.98
20,158,6.12,6.27,5.95
20,159,6.79,6.73,6.85
20,160,6.38,6.53,6.23
20,161,7.43,7.24,7.65
20,162,7.05,7.05,7.06
20,163,6.44,6.27,6.66
20,164,5.28,5.12,5.49
20,165,6.63,6.45,6.83
20,166,7.88,7.89,7.86
20,167,6.37,6.18,6.6
20,168,6.58,6.43,6.75
20,169,5.63,5.36,5.95
20,170,5.64,5.24,6.12
20,171,5.07,4.74,5.47
20,172,7.94,7.57,8.31
20,173,7.39,7.26,7.54
20,174,10.72,10.5,10.96
20,175,6.18,6.05,6.32
20,176,7.42,7.32,7.54
20,177,7.71,7.76,7.66
20,178,10.37,10.28,10.48
20,179,6.59,7.02,6.15
20,180,7.6,7.44,7.77
20,181,6.18,6.47,5.87
20,182,5.8,5.73,5.88
20,183,6.14,5.91,6.41
20,184,9.09,9,9.19
20,185,8.55,8.58,8.52
20,186,6.38,6.07,6.69
20,187,5.58,5.29,5.9
20,188,6.66,6.45,6.89
20,189,5.84,5.54,6.18
20,190,6.76,6.68,6.85
20,191,7.85,7.94,7.75
20,192,9.85,9.73,9.99
20,193,8.09,8.07,8.12
20,194,6.05,5.96,6.15
20,195,4.14,3.63,4.71
20,196,7.55,7.24,7.91
20,197,6.81,6.57,7.07
20,198,5.78,5.29,6.35
20,199,4.54,4.24,4.89
20,200,5.53,5.2,5.9
20,201,6.56,6.03,7.17
20,202,6.51,6.35,6.71
20,203,5.95,5.86,6.05
20,204,6.98,6.77,7.24
20,205,5.6,5.32,5.9
20,206,7.53,7.44,7.64
20,207,6.15,6.04,6.26
20,208,5.7,5.09,6.39
20,209,5.03,4.41,6.01
20,210,6.31,5.94,6.77
20,211,5.72,5.52,5.93
20,212,5.05,4.83,5.31
20,213,5.45,5.11,5.9
20,214,6.08,5.35,6.87
20,215,9.11,9.14,9.08
20,216,7.44,6.94,8.01
20,217,6.72,6.3,7.17
20,218,6.29,5.95,6.64
20,219,5.88,5.39,6.43
20,220,6.57,6.4,6.74
20,221,7.83,7.61,8.07
20,222,6.56,6.13,7.02
20,223,6.48,6.46,6.5
20,224,8.73,8.76,8.69
20,225,6.3,6.18,6.43
20,226,6.28,6.32,6.23
20,227,10.42,10.3,10.56
20,228,5.5,5,6.02
20,229,5.44,5.33,5.58
20,230,6.02,5.58,6.47
20,231,5.91,5.75,6.08
20,232,6.91,6.79,7.04
20,233,5.12,4.81,5.59
20,234,5.64,5.19,6.16
20,235,5.65,5.3,6.08
20,236,5.24,4.92,5.65
20,237,6.43,6.33,6.54
20,238,7.47,7.15,7.83
20,239,8.2,7.83,8.65
20,240,5.96,4.96,7.3
20,241,6.63,6.41,6.89
20,242,3.48,3.16,3.86
20,243,8.51,8.34,8.72
20,244,7.66,7.63,7.7
20,245,6.13,5.97,6.29
20,246,5.96,5.56,6.43
20,247,10.31,10.13,10.54
20,248,6.59,6.12,7.08
20,249,6.97,6.79,7.18
20,250,7.93,7.7,8.2
20,251,5.05,4.94,5.18
20,252,6.95,6.39,7.63
20,253,5.48,5.17,5.77
20,254,6.66,6.45,6.88
20,255,6.1,5.81,6.45
20,256,7.08,6.78,7.37
20,257,5.16,4.85,5.53
20,258,6.91,6.7,7.15
20,259,4.03,3.74,4.34
20,260,5.86,5.25,6.62
20,261,6.04,5.98,6.12
20,262,7.1,7.11,7.08
20,263,5.37,5.2,5.56
20,264,6.51,6.08,7.1
20,265,6.31,5.97,6.64
20,266,6.34,6.11,6.58
20,267,7.1,7.38,6.84
20,268,7.22,7.07,7.41
20,269,9.04,8.27,9.97
20,270,6.12,5.79,6.53
20,271,5.86,5.41,6.35
20,272,5.55,5.41,5.76
20,273,6.54,6.34,6.78
20,274,6.83,6.38,7.36
20,275,5.13,4.83,5.44
20,276,3.63,3.66,3.61
20,277,6.47,6.36,6.58
20,278,7,6.82,7.2
20,279,6.98,6.79,7.2
20,280,7.29,7.08,7.55
20,281,7.41,7.1,7.73
20,282,6.96,6.64,7.25
20,283,6.76,6.72,6.8
20,284,4.32,3.91,4.85
20,285,7.54,7.52,7.57
20,286,6.08,5.91,6.28
20,287,6.92,6.32,7.71
20,288,6.76,6.3,7.29
20,289,5.54,5.23,5.92
20,290,6.61,6.61,6.61
20,291,6.65,6.42,6.91
20,292,7.21,6.93,7.53
20,293,11.55,11.46,11.65
20,294,9.81,9.67,9.97
20,295,9.09,8.94,9.26
20,296,6.89,6.55,7.25
20,297,6.76,6.11,7.56
20,298,7.39,7.12,7.68
20,299,6.63,6.48,6.79
20,300,6.85,6.69,7.04
20,301,7.76,7.29,8.34
20,302,6.04,6.03,6.05
20,303,7.09,6.76,7.51
20,304,6.45,6.34,6.58
20,305,10.75,10.28,11.28
20,306,5.34,4.98,5.74
20,307,7.55,7.23,7.89
20,308,8.22,7.61,8.9
20,309,6.1,5.77,6.47
20,310,8.31,8.2,8.43
20,311,5.66,4.66,6.69
20,312,6.84,6.69,7.03
20,313,5.84,5.49,6.25
20,314,7.13,6.99,7.29
20,315,6.64,6.45,6.89
20,316,8.16,8.46,7.82
20,317,7.39,7.09,7.75
20,318,8.7,8.54,8.88
20,319,6.77,6.47,7.13
20,320,7.53,7.09,8.08
20,321,6.2,5.78,6.65
20,322,4.91,4.62,5.3
20,323,6.77,6.4,7.14
20,324,7.79,7.53,8.08
20,325,5.66,5.4,5.93
20,326,5.81,5.47,6.18
20,327,7.15,7.07,7.24
20,328,6.21,6.02,6.41
20,329,6.88,6.59,7.18
20,330,6.43,6.32,6.55
20,331,6.09,5.65,6.58
20,332,6.74,6.53,6.97
20,333,7.72,7.43,8.04
20,334,7.17,7.15,7.2
20,335,6.82,6.57,7.1
20,336,5.79,5.2,6.45
20,337,5.34,5.02,5.76
20,338,10.22,10.12,10.34
20,339,9.24,9.24,9.23
20,340,6.93,6.46,7.5
20,341,7.64,7.68,7.59
20,342,11.07,10.91,11.28
20,343,7.54,7.53,7.56
20,344,6.57,6.35,6.82
20,345,7.53,7.45,7.61
20,346,6.26,6.01,6.57
20,347,7.2,6.93,7.47
20,348,6.34,6.11,6.61
20,349,7.11,6.81,7.47
20,350,12.58,12.37,12.83
20,351,5.55,5.18,5.98
20,352,4.08,3.49,4.67
20,353,6.52,6.34,6.71
20,354,5.1,4.42,5.79
20,355,5.55,5.47,5.62
20,356,6.69,6.44,6.95
20,357,6.97,7.1,6.83
20,358,6.49,6.54,6.42
20,359,5.41,5.1,5.81
20,360,7.09,6.81,7.43
20,361,5.74,5.48,6.09
20,362,6.72,6.44,7.08
20,363,7.68,7.75,7.59
20,364,6.79,6.59,7.01
20,365,7.54,7.37,7.74
20,366,5.91,5.8,6.03
20,367,6.38,6.35,6.41
20,368,7.32,7.22,7.42
20,369,7.93,7.76,8.11
20,370,9.03,8.81,9.29
20,371,7.05,6.31,8.02
20,372,5.57,4.83,6.53
20,373,6.8,6.85,6.76
20,374,6.33,5.84,6.88
20,375,10.7,10.57,10.86
20,376,5.99,5.94,6.05
20,377,7.18,6.84,7.57
20,378,7.36,7.13,7.61
20,379,7.19,6.79,7.73
20,380,7.28,7.12,7.46
20,381,7.04,7,7.08
20,382,7.02,6.68,7.41
20,383,7.79,7.72,7.87
20,384,5.46,5.21,5.74
20,385,10.87,10.72,11.06
20,386,5.8,5.57,6.04
20,387,7.34,7.36,7.32
20,388,6.38,6.01,6.78
20,389,5.07,4.59,5.7
20,390,11.45,11.3,11.62
20,391,4.59,4.19,5.05
20,392,6.56,6.12,7.07
20,393,5.96,5.42,6.61
20,394,7.37,7.15,7.61
20,395,4.88,4.07,5.92
20,396,3.97,3.52,4.65
20,397,9.56,9.41,9.73
20,398,6.28,6.35,6.21
20,399,10.43,10.25,10.64
20,400,6.94,6.91,6.97
20,401,8.12,7.88,8.38
20,402,7.08,6.85,7.31
20,403,9.71,9.52,9.93
20,404,8.22,8.19,8.26
20,405,6.66,6.48,6.91
20,406,5.24,5.11,5.38
20,407,5.83,5.6,6.07
20,408,7.77,7.94,7.58
20,409,11.3,11.06,11.61
20,410,7.42,7.43,7.42
20,411,8.36,8.35,8.38
20,412,6.34,6.04,6.67
20,413,9.17,9,9.34
20,414,7.03,7.15,6.91
20,415,6.27,6.15,6.42
20,416,6.01,5.76,6.29
20,417,6.98,6.9,7.06
20,418,8.66,8.43,8.93
20,419,8.14,8.1,8.19
20,420,6.62,6.02,7.35
20,421,8.66,8.43,8.9
20,422,7.82,7.35,8.41
20,423,6.32,6.32,6.32
20,424,6.03,5.71,6.37
20,425,6.27,5.93,6.64
20,426,6.62,6.06,7.24
20,427,7.8,7.47,8.16
20,428,6.74,6.43,7.03
20,429,6.24,6.29,6.17
20,430,8.06,7.78,8.34
20,431,8.56,8.54,8.59
20,432,6.9,6.44,7.42
20,433,4.62,4.46,4.85
20,434,5.01,4.85,5.22
20,435,5.27,5.05,5.51
20,436,5.27,4.85,5.8
20,437,6.83,6.32,7.41
20,438,5.66,5.53,5.8
20,439,6.53,6.3,6.78
20,440,6.21,5.73,6.74
20,441,5.96,5.39,6.55
20,442,7.14,6.93,7.39
20,443,8.35,8.56,8.08
20,444,7.37,6.97,7.82
20,445,8.1,7.43,8.87
20,446,7.37,6.97,7.82
20,447,6.46,6.45,6.48
20,448,6.52,6.34,6.72
20,449,5.95,5.98,5.92
20,450,5.7,5.4,6.03
20,451,5.07,4.49,5.8
20,452,5.68,5.11,6.42
20,453,7.89,7.49,8.29
20,454,6.53,6.17,6.89
20,455,6.37,6.39,6.34
20,456,6.47,6.11,6.88
20,457,6.44,6.19,6.69
20,458,7.34,7.05,7.67
20,459,8.47,8.23,8.74
20,460,5.83,5.64,6.05
20,461,4.69,4.54,4.85
20,462,8.3,8.24,8.37
20,463,6.42,6.28,6.57
20,464,6.59,6.17,7.13
20,465,5.84,6.01,5.65
20,466,5.04,4.85,5.27
20,467,7.57,7.52,7.63
20,468,5.32,5.2,5.46
20,469,6.85,6.55,7.2
20,470,6.29,5.88,6.74
20,471,7.45,7.33,7.58
20,472,8.7,8.42,9.02
20,473,6.96,6.78,7.19
20,474,7.52,7.46,7.59
20,475,6.58,6.17,7.08
20,476,7.3,7.22,7.4
20,477,5.29,5.67,4.9
20,478,6.07,5.97,6.19
20,479,5.88,5.79,5.97
20,480,7.61,7.31,7.97
20,481,7.23,6.79,7.72
20,482,8.32,8.25,8.4
20,483,8.74,8.73,8.75
20,484,6.62,6.66,6.57
20,485,5.54,5.52,5.55
20,486,7.89,7.83,7.96
20,487,8.32,8.15,8.5
20,488,6.35,6.24,6.5
20,489,6.58,6.54,6.62
20,490,5.12,5.08,5.16
20,491,7.97,7.72,8.23
20,492,6.24,5.72,6.91
20,493,8.31,8.14,8.49
20,494,6.29,5.88,6.81
20,495,5.39,5.26,5.52
20,496,8.65,8.63,8.68
20,497,3.99,3.57,4.58
20,498,6.46,6.41,6.5
20,499,9.31,9.31,9.32
20,500,6.71,6.35,7.13
20,501,5.58,5.42,5.75
20,502,5.19,4.91,5.49
20,503,6.82,6.97,6.63
20,504,7.34,7.33,7.34
20,505,8.02,7.69,8.37
20,506,6.51,6.24,6.81
20,507,6.13,6.34,5.93
20,508,8.55,8.26,8.84
20,509,5.69,5.34,6.09
20,510,7.73,7.32,8.26
20,511,7.06,6.74,7.4
20,512,5.55,5.29,5.83
20,513,6.86,6.59,7.14
20,514,5.75,5.6,5.92
20,515,9.17,8.9,9.45
20,516,6.44,6.64,6.22
20,517,5.31,4.92,5.78
20,518,7.4,7.24,7.6
20,519,8.31,8.26,8.37
20,520,6.47,6.49,6.46
20,521,7.17,6.55,7.94
20,522,6.1,5.87,6.38
20,523,8.78,8.83,8.72
20,524,6.35,6.19,6.5
20,525,7.43,7.35,7.52
20,526,6.73,6.51,6.98
20,527,5.79,5.59,6.02
20,528,4.68,4.47,4.94
20,529,5.65,5.33,6
20,530,7.63,7.44,7.85
20,531,8.42,8.64,8.19
20,532,6.43,5.88,7.14
20,533,7.24,7.07,7.43
20,534,5.23,4.91,5.63
20,535,6.44,6.1,6.88
20,536,7.18,7.12,7.24
20,537,6.52,6.22,6.86
20,538,6.65,6.44,6.86
20,539,9.68,9.46,9.91
20,540,9.69,9.87,9.43
20,541,7.27,6.99,7.56
20,542,6.25,6.17,6.34
20,543,6.32,6.32,6.32
20,544,6.83,6.75,6.93
20,545,9.49,9.35,9.66
20,546,7.53,7.23,7.88
20,547,7.48,7.42,7.54
20,548,6.92,6.93,6.9
20,549,6.19,6.1,6.3
20,550,8.53,8.27,8.83
20,551,9.19,9.06,9.35
20,552,6.95,7.08,6.8
20,553,9.69,9.4,10.03
20,554,5.96,6,5.92
20,555,7.9,7.6,8.24
20,556,7.51,7.19,7.88
20,557,9.25,8.79,9.75
20,558,7.86,7.67,8.08
20,559,7.56,7.47,7.66
20,560,6.24,5.9,6.65
20,561,7.28,7.03,7.55
20,562,7.99,8.11,7.86
20,563,4.43,4.27,4.6
20,564,6.29,5.8,6.84
20,565,9.15,8.92,9.41
20,566,6.25,5.95,6.55
20,567,5.25,5.08,5.43
20,568,6.31,6.25,6.38
20,569,6.49,6.24,6.79
20,570,8.65,8.47,8.86
21,1,7.54,7.43,7.67
21,2,7.18,7.19,7.17
21,3,8.72,8.65,8.8
21,4,7.72,7.69,7.75
21,5,6.33,6.06,6.65
21,6,6.06,5.91,6.24
21,7,6.13,6.15,6.1
21,8,8.44,8.35,8.54
21,9,7.24,6.92,7.61
21,10,6.63,6.31,6.98
21,11,6.52,6.5,6.54
21,12,7.57,7.55,7.6
21,13,6.92,6.55,7.32
21,14,6.18,6.14,6.23
21,15,9.27,9.07,9.49
21,16,7.21,7.37,7.04
21,17,7.7,7.43,8
21,18,7.2,7.05,7.37
21,19,9.39,9.29,9.51
21,20,7.86,7.73,8.02
21,21,8.17,8.06,8.29
21,22,6.75,6.71,6.81
21,23,6.5,6.67,6.32
21,24,6.15,5.84,6.5
21,25,7.79,7.82,7.76
21,26,7.48,7.5,7.46
21,27,6.65,6.65,6.66
21,28,6.07,6.08,6.06
21,29,7.71,7.52,7.91
21,30,6.63,6.2,7.14
21,31,5.81,5.88,5.73
21,32,6.57,6.42,6.71
21,33,7.85,7.86,7.85
21,34,9.8,9.52,10.09
21,35,8.35,8.26,8.46
21,36,5.38,5.09,5.73
21,37,7.63,7.41,7.89
21,38,7.72,7.75,7.68
21,39,7.13,7.1,7.16
21,40,7.63,7.52,7.74
21,41,11.32,11.13,11.51
21,42,6.62,6.25,7.02
21,43,7.47,7.25,7.71
21,44,7.93,7.79,8.08
21,45,8.36,8.32,8.41
21,46,7.55,7.32,7.8
21,47,8.24,8.18,8.3
21,48,8.53,8.5,8.58
21,49,5.59,5.38,5.83
21,50,5.78,5.61,5.95
21,51,7.86,7.88,7.83
21,52,6.35,6.31,6.4
21,53,8.02,8.1,7.94
21,54,7.4,7.28,7.52
21,55,7.31,7.29,7.32
21,56,6.1,5.93,6.29
21,57,6.64,6.81,6.45
21,58,5.67,5.58,5.77
21,59,7.4,6.99,7.85
21,60,7.44,7.29,7.61
21,61,5.57,5.15,6
21,62,7.54,7.43,7.66
21,63,7.91,7.73,8.11
21,64,7.42,7.35,7.5
21,65,6.81,6.63,7.01
21,66,6.42,6.39,6.46
21,67,7.45,7.45,7.45
21,68,5.58,5.53,5.63
21,69,6.99,6.93,7.05
21,70,5.91,5.57,6.35
21,71,9.1,8.98,9.24
21,72,5.89,5.62,6.19
21,73,7.39,7.38,7.39
21,74,9.78,9.63,9.94
21,75,7.95,7.68,8.27
21,76,7.17,7.12,7.22
21,77,5.74,5.59,5.9
21,78,5.69,5.51,5.87
21,79,8.4,8.29,8.53
21,80,6.05,5.66,6.54
21,81,6.25,6.16,6.34
21,82,9.15,9.16,9.14
21,83,7.03,7,7.05
21,84,5.8,5.43,6.19
21,85,8.89,8.82,8.98
21,86,7.06,7.03,7.11
21,87,6.16,6,6.33
21,88,7.19,6.95,7.46
21,89,6.18,6.01,6.39
21,90,9.5,9.33,9.7
21,91,9.6,9.38,9.86
21,92,6.38,6.25,6.52
21,93,6.39,6.38,6.39
21,94,8.65,8.68,8.63
21,95,8.89,8.71,9.07
21,96,8,7.81,8.2
21,97,9.42,9.23,9.62
21,98,7.71,7.43,8.04
21,99,6.73,6.74,6.71
21,100,6.27,6.09,6.5
21,101,7.09,6.94,7.27
21,102,7.75,7.77,7.73
21,103,7.18,7,7.38
21,104,7.72,7.52,7.94
21,105,7.54,7.56,7.51
21,106,9.48,9.24,9.76
21,107,5.21,4.91,5.55
21,108,8.26,8.15,8.39
21,109,6.85,6.74,6.98
21,110,6.84,6.78,6.9
21,111,6.78,6.56,7.03
21,112,6.72,6.57,6.89
21,113,6.63,6.46,6.81
21,114,11.16,10.99,11.36
21,115,6.57,6.51,6.63
21,116,5.87,5.74,6.02
21,117,8.65,8.36,8.99
21,118,7.34,7.41,7.25
21,119,12.07,11.9,12.25
21,120,6.2,5.91,6.54
21,121,6.03,6.12,5.94
21,122,8.49,8.47,8.51
21,123,5.42,5.54,5.3
21,124,7.38,7.16,7.62
21,125,9.69,9.61,9.76
21,126,7.86,7.82,7.91
21,127,7.21,7.05,7.4
21,128,7.68,7.59,7.78
21,129,6.7,6.34,7.11
21,130,7.47,7.3,7.68
21,131,8.22,8.08,8.36
21,132,9.73,9.57,9.91
21,133,7.7,7.47,7.96
21,134,8.35,8.29,8.42
21,135,6.59,6.32,6.87
21,136,10,9.58,10.44
21,137,6.62,6.61,6.63
21,138,7.66,7.62,7.71
21,139,7.62,7.43,7.83
21,140,10.94,10.76,11.14
21,141,7.62,7.45,7.8
21,142,7.45,7.29,7.63
21,143,9.04,9.02,9.05
21,144,7.5,7.34,7.67
21,145,5.91,5.58,6.26
21,146,5.66,5.37,5.97
21,147,7.12,6.75,7.54
21,148,7.4,7.32,7.5
21,149,7.59,7.47,7.71
21,150,6.43,6.52,6.32
21,151,8.87,8.82,8.93
21,152,7.4,7.31,7.5
21,153,8.77,8.73,8.81
21,154,8.74,8.65,8.85
21,155,8.54,8.35,8.74
21,156,9.47,9.32,9.64
21,157,7.11,6.99,7.25
21,158,7.59,7.52,7.65
21,159,4.79,4.52,5.13
21,160,7.48,7.37,7.59
21,161,8.08,7.96,8.21
21,162,5.92,5.78,6.08
21,163,7.59,7.44,7.74
21,164,8.64,8.48,8.83
21,165,6,5.99,6.01
21,166,7.17,7.13,7.21
21,167,5.62,5.39,5.89
21,168,6.73,6.73,6.73
21,169,7.94,7.85,8.03
21,170,7.3,7.33,7.27
21,171,8.59,8.52,8.67
21,172,7.56,7.62,7.5
21,173,10.66,10.66,10.65
21,174,9.58,9.37,9.83
21,175,7.78,7.75,7.81
21,176,7.97,8.02,7.91
21,177,6.89,6.8,7.01
21,178,6.42,6.37,6.48
21,179,7.52,7.44,7.6
21,180,8.1,8.02,8.18
21,181,8.64,8.34,8.95
21,182,8.24,8.3,8.17
21,183,5.97,5.9,6.05
21,184,6.11,6.15,6.07
21,185,6.71,6.95,6.45
21,186,8.57,8.49,8.66
21,187,6.54,6.58,6.5
21,188,6.9,6.88,6.92
21,189,8.3,8.3,8.31
21,190,8.08,7.82,8.39
21,191,6.49,6.41,6.59
21,192,7.64,7.56,7.73
21,193,7.13,6.95,7.32
21,194,8.17,8.11,8.24
21,195,5.42,5.2,5.68
21,196,7.81,7.86,7.74
21,197,8.6,8.53,8.68
21,198,6.54,6.29,6.81
21,199,6.79,6.72,6.87
21,200,7.23,7.13,7.35
21,201,6.52,6.41,6.67
21,202,6.41,6.19,6.66
21,203,7,6.72,7.34
21,204,9.3,9.2,9.43
21,205,7.39,7.26,7.52
21,206,6.4,6.28,6.53
21,207,8.29,8.11,8.49
21,208,9.01,8.99,9.02
21,209,7.91,7.83,8.01
21,210,7.48,7.23,7.75
21,211,9.85,9.73,9.99
21,212,6.99,6.6,7.45
21,213,6.57,6.38,6.78
21,214,7.24,7.08,7.42
21,215,6.74,6.05,7.49
21,216,6.5,6.19,6.87
21,217,5.03,4.89,5.18
16,1,7.84,8.08,7.58
16,2,6.09,6.21,5.97
16,3,7.41,7.54,7.28
16,4,6.78,6.79,6.76
16,5,8.2,8.07,8.34
16,6,7.93,7.97,7.88
16,7,8.04,8.05,8.03
16,8,6.83,6.8,6.85
16,9,7.59,7.76,7.41
16,10,7.54,7.62,7.45
16,11,7.72,7.65,7.81
16,12,6.4,6.59,6.21
16,13,6.62,6.82,6.41
16,14,7.23,7.48,6.98
16,15,7.16,7.42,6.9
16,16,6.96,6.89,7.05
16,17,7.11,7.24,6.97
16,18,7.06,7.2,6.91
16,19,6.83,6.98,6.66
16,20,7.32,7.26,7.39
16,21,6.86,6.69,7.05
16,22,7.14,7.76,6.64
16,23,6.58,6.66,6.5
16,24,8.3,8.18,8.43
16,25,7.71,7.46,7.97
16,26,6.75,7.17,6.37
16,27,6.16,6.32,5.98
16,28,7.29,7.15,7.45
16,29,6.6,6.64,6.54
16,30,6.44,6.32,6.58
16,31,6.55,6.81,6.26
16,32,7.7,7.56,7.86
16,33,7.41,7.5,7.31
16,34,8.02,8.21,7.81
16,35,7.03,7.12,6.94
16,36,7.42,7.3,7.55
16,37,6.36,6.46,6.25
16,38,7.46,7.49,7.42
16,39,7.79,7.92,7.64
16,40,7.17,7.31,7.01
16,41,7.45,7.72,7.15
16,42,6.4,6.26,6.56
16,43,7.72,7.56,7.9
16,44,7.2,7.2,7.19
16,45,8.66,8.58,8.76
16,46,7.32,7.48,7.16
16,47,7.37,7.7,7.02
16,48,7.18,7.16,7.2
16,49,6.75,7.04,6.45
16,50,7.86,8.07,7.63
16,51,8.17,8.26,8.06
16,52,9.57,9.36,9.78
16,53,10.99,10.96,11.02
16,54,6.94,7.16,6.68
16,55,7.62,7.71,7.52
16,56,7.48,7.14,7.85
16,57,6.85,7.03,6.67
16,58,8.06,8.12,8
16,59,6.92,7.19,6.66
16,60,7.39,7.29,7.5
16,61,7.32,7.23,7.4
16,62,6.79,6.9,6.66
16,63,6.39,6.42,6.36
16,64,6.88,7.12,6.64
16,65,8.45,8.22,8.71
16,66,8.95,8.9,9
16,67,6.65,6.67,6.63
16,68,7.47,7.66,7.28
16,69,8.96,8.8,9.14
16,70,7.83,7.91,7.74
16,71,7.26,7.41,7.1
16,72,7.49,7.56,7.42
16,73,7.56,7.41,7.74
16,74,6.65,6.9,6.39
16,75,8.01,7.97,8.05
16,76,8.44,8.38,8.52
16,77,6.87,6.89,6.86
16,78,7.26,7.31,7.22
16,79,7.09,7.09,7.1
16,80,7.37,7.4,7.34
16,81,5.73,5.94,5.51
16,82,7.95,8.21,7.68
16,83,7,7.26,6.75
16,84,6.85,6.73,6.98
16,85,6.94,6.83,7.06
16,86,7.59,7.56,7.63
16,87,7.78,7.98,7.57
16,88,9.7,9.73,9.68
16,89,7.18,7.31,7.04
16,90,8.55,8.68,8.41
16,91,7.84,7.98,7.68
16,92,6.36,6.53,6.19
16,93,8.11,8.03,8.21
16,94,5.74,5.65,5.84
16,95,7.2,7.31,7.09
16,96,5.81,6.18,5.44
16,97,6.39,6.54,6.22
16,98,8,8.29,7.66
16,99,6.36,6.48,6.22
16,100,8.05,8.01,8.11
16,101,6.35,6.6,6.09
16,102,9.24,9.22,9.27
16,103,7.42,7.38,7.46
16,104,6.92,7,6.83
16,105,7.7,7.56,7.86
16,106,7.19,7.03,7.37
16,107,9.19,9.13,9.25
16,108,8.76,8.61,8.92
16,109,7.23,7.24,7.21
16,110,7.57,7.64,7.5
16,111,7.75,7.9,7.59
16,112,8.93,8.93,8.93
16,113,7.16,7.13,7.2
11,1,7.73,7.73,7.74
11,2,8.34,8.41,8.27
11,3,8.7,8.73,8.66
11,4,7.93,8.04,7.81
11,5,8.85,8.75,8.96
11,6,7.23,7.41,7.05
11,7,10.11,9.98,10.25
11,8,7.2,7.39,6.98
11,9,8.17,8.25,8.07
11,10,7.77,8.03,7.48
11,11,8.82,8.65,9.02
11,12,7.74,7.8,7.67
11,13,8.06,8.21,7.89
11,14,8.07,8.21,7.9
11,15,10.46,10.47,10.45
11,16,7.8,7.8,7.8
11,17,9.66,9.46,9.87
11,18,8.37,8.33,8.41
11,19,7.01,7.47,6.5
11,20,9.75,9.71,9.8
11,21,8.7,8.46,8.96
11,22,7.16,7.58,6.7
11,23,7.77,7.69,7.86
11,24,7.77,7.67,7.87
11,25,7.72,7.78,7.66
11,26,7.75,7.77,7.74
11,27,9.37,9.19,9.58
11,28,8.12,8.11,8.13
11,29,7.13,7.29,6.95
11,30,7.69,7.94,7.42
11,31,8.2,8.22,8.18
11,32,9.1,9.03,9.18
11,33,8.23,8.33,8.11
11,34,7.69,7.88,7.45
11,35,7.92,7.94,7.89
11,36,7.54,7.73,7.31
11,37,8.68,8.59,8.77
11,38,8.05,8.19,7.89
11,39,7.57,7.68,7.45
11,40,7.97,7.95,7.99
11,41,8.01,7.86,8.19
11,42,7.99,7.97,8.01
11,43,8.23,8.36,8.07
11,44,8.94,8.65,9.26
11,45,6.72,6.98,6.41
11,46,7.42,7.52,7.32
6,1,7.77,7.92,7.62
6,2,10.83,10.81,10.86
6,3,9.09,9.28,8.91
6,4,8.48,8.72,8.25
6,5,9.22,9.42,9.01
6,6,8.01,8.48,7.56
6,7,10.11,10.08,10.13
6,8,8.85,8.8,8.91
6,9,8.22,8.35,8.08
6,10,11.56,11.53,11.6
23,1,10.15,10.13,10.17
23,2,8.52,8.38,8.67
23,3,8.92,8.89,8.96
23,4,10.19,10.07,10.32
23,5,10.56,10.41,10.71
23,6,8.15,8.09,8.22
23,7,8.28,8.16,8.39
23,8,10.7,10.63,10.76
23,9,9.28,9.08,9.47
23,10,7.86,7.86,7.86
23,11,10.36,10.37,10.35
7,1,7.12,7.12,7.11
7,2,7.26,7.18,7.34
7,3,7.15,7.1,7.2
7,4,6.05,5.53,6.59
7,5,6.58,6.46,6.7
7,6,6.55,6.39,6.72
7,7,5.15,4.38,6.07
7,8,6.66,6.49,6.84
7,9,8.45,8.29,8.62
7,10,6.49,6.27,6.72
7,11,6.84,6.54,7.15
7,12,8.1,7.81,8.4
7,13,7.46,7.18,7.75
7,14,5.91,5.51,6.35
7,15,8.26,8.17,8.36
7,16,7.54,7.29,7.78
7,17,8.04,8.01,8.06
7,18,6.96,6.87,7.06
7,19,8.55,8.22,8.92
7,20,6.52,6.41,6.63
7,21,7.84,7.8,7.88
7,22,4.91,4.29,5.57
7,23,4.37,3.9,4.96
7,24,6.33,5.88,6.8
7,25,7.69,7.64,7.75
7,26,4.89,4.3,5.53
7,27,8.9,8.63,9.17
7,28,6.14,5.97,6.31
7,29,7.37,6.94,7.82
7,30,6.3,6.11,6.49
7,31,6.07,5.21,6.98
7,32,7.52,7.43,7.6
7,33,6.4,6.32,6.49
7,34,7.16,6.88,7.48
7,35,7.84,7.72,7.97
7,36,7.63,7.4,7.88
7,37,8.13,7.92,8.36
7,38,6.3,5.82,6.82
7,39,6.16,5.82,6.51
7,40,8.34,8.16,8.53
7,41,6.01,5.74,6.31
7,42,7.11,6.98,7.25
7,43,8.45,8.36,8.55
7,44,7.09,6.81,7.38
7,45,6.98,6.9,7.05
7,46,7.74,7.6,7.88
7,47,7.24,6.97,7.53
7,48,7.85,7.78,7.93
7,49,6.32,5.85,6.82
7,50,7.56,7.4,7.73
7,51,7.13,7.06,7.21
7,52,6.22,5.89,6.57
7,53,6.84,6.67,7.03
7,54,7.69,7.61,7.78
7,55,8.58,8.28,8.92
7,56,4.47,4.07,4.92
7,57,7.21,7.03,7.4
7,58,6.22,6.27,6.18
7,59,6.59,6.07,7.13
7,60,5.63,5.38,5.9
7,61,7.51,7.34,7.69
7,62,7.28,7.23,7.33
7,63,7.91,7.56,8.28
7,64,7.15,6.61,7.68
7,65,7.81,7.56,8.08
7,66,4.66,4.05,5.31
7,67,6.46,6.33,6.6
7,68,8.45,8.41,8.5
7,69,7.4,7.33,7.47
7,70,7.34,7.04,7.64
7,71,7.27,7.13,7.4
7,72,6.53,6.27,6.82
7,73,7.59,7.27,7.92
7,74,8.91,8.66,9.18
7,75,6.06,5.92,6.21
7,76,6.72,6.22,7.22
7,77,6.52,5.9,7.16
7,78,9.4,9.02,9.85
7,79,7.28,6.98,7.59
7,80,6.78,6.56,7.01
7,81,6.07,5.69,6.49
7,82,4.52,3.73,5.37
7,83,6.35,6.36,6.35
7,84,7.09,6.98,7.2
7,85,6.9,6.64,7.16
7,86,8.67,8.36,8.99
7,87,6.78,6.63,6.94
7,88,7.69,7.73,7.65
7,89,9.33,9.15,9.53
7,90,7.07,7.02,7.13
7,91,8.48,8.47,8.5
7,92,6.86,6.79,6.93
7,93,5.86,5.15,6.64
7,94,5.59,5.22,5.99
7,96,6.47,5.85,7.1
7,97,8.47,8.39,8.55
7,98,5.87,5.83,5.91
7,99,6.34,6.1,6.61
7,100,6.17,5.42,6.97
7,101,11.04,10.68,11.45
7,102,8.54,8.36,8.74
7,103,7.49,7.37,7.61
7,104,6.45,6.28,6.63
7,105,8.13,8.02,8.24
7,106,6.59,6.42,6.76
7,107,7.35,7.22,7.49
7,108,8.07,7.9,8.25
7,109,6.91,6.43,7.43
7,110,5.98,5.99,5.98
7,111,4.57,3.97,5.3
7,112,5.4,4.39,6.48
7,113,5.79,5.2,6.44
7,114,6.6,6.5,6.71
7,115,5.68,5.41,5.95
7,116,6.21,6.06,6.36
7,117,6.39,6.31,6.47
7,118,4.99,4.53,5.49
7,119,5.67,4.43,6.97
7,120,6.32,5.97,6.62
7,121,5.36,5.27,5.47
7,122,7.09,6.95,7.24
7,123,7.47,7.28,7.66
7,124,6.89,6.78,7
7,125,6.17,5.99,6.35
28,1,7.91,7.98,7.83
28,2,8.1,8.38,7.82
28,3,9.76,9.68,9.84
28,4,7.86,8.06,7.66
28,5,7,7.18,6.83
28,6,6.48,6.5,6.47
28,7,8.1,8.25,7.96
28,8,6.26,6.48,6.06
28,9,11.74,11.64,11.84
28,10,7.23,7.42,7.03
28,11,8.35,8.58,8.13
28,12,7.65,7.81,7.49
28,13,7.96,8.13,7.8
28,14,8.18,8.39,8.03
28,15,8.71,8.67,8.76
28,16,7.74,8.04,7.45
28,17,8.5,8.75,8.26
28,18,8.69,8.74,8.63
28,19,7.85,8.11,7.6
28,20,7.5,7.77,7.22
28,21,9.68,9.73,9.62
28,22,9.92,9.87,9.98
28,23,7.14,7.33,6.95
28,24,9.1,9.22,9
28,25,9,9.08,8.94
28,26,6.9,7.11,6.7
28,27,9.98,9.86,10.11
28,28,7.96,8.27,7.66
28,29,8.2,8.49,7.92
28,30,8.66,8.87,8.45
28,31,7.65,7.92,7.37
28,32,10.12,10,10.24
28,33,9.13,9.08,9.19
28,34,7.05,7.3,6.82
28,35,8.44,8.54,8.34
28,36,7.36,7.64,7.11
28,37,7.88,8.06,7.7
28,38,11.47,11.32,11.64
28,39,7.71,7.91,7.5
28,40,9.21,9.23,9.18
28,41,11.44,11.43,11.46
28,42,7.07,7.29,6.87
28,43,9.28,9.44,9.11
9,2,11.91,11.7,12.14
9,3,12.51,12.29,12.77
9,4,11.44,11.2,11.71
9,5,11.11,10.98,11.25
9,6,11.52,11.34,11.73
9,7,10.42,10.33,10.52
9,8,10.84,10.71,10.99
9,9,9.95,9.91,9.99
9,10,11.28,11.11,11.49
9,11,10.53,10.38,10.69
9,12,11.5,11.36,11.66
9,13,10.84,10.76,10.92
9,14,14.55,14.22,14.93
9,15,12.41,12.1,12.75
9,16,13.11,12.76,13.52
9,17,11.46,11.26,11.69
